{
    "n_estimators": 1300,
    "max_features": 0.46949373792261617,
    "max_samples": 0.7017313469062029
}