{
    "num_leaves": 30,
    "max_depth": 4,
    "learning_rate": 0.014074379882065793,
    "n_estimators": 976,
    "min_child_samples": 98,
    "subsample": 0.793142388225029,
    "colsample_bytree": 0.4203393943609893,
    "reg_alpha": 5.063937748995468,
    "reg_lambda": 3.0528741329249045
}