{
    "num_leaves": 64,
    "max_depth": 10,
    "learning_rate": 0.0050056473889035225,
    "n_estimators": 1479,
    "min_child_samples": 55,
    "subsample": 0.785099173975774,
    "colsample_bytree": 0.5080745576294403,
    "reg_alpha": 3.284403895302702,
    "reg_lambda": 0.43373631286503256
}