{
    "n_estimators": 600,
    "max_features": 0.5389784598773365,
    "max_samples": 0.7029507672315379
}