{
    "num_leaves": 32,
    "max_depth": 6,
    "learning_rate": 0.0050832655713391375,
    "n_estimators": 2918,
    "min_child_samples": 54,
    "subsample": 0.6139550644932416,
    "colsample_bytree": 0.41723178245876846,
    "reg_alpha": 4.528982689377735,
    "reg_lambda": 1.2051083056576168
}