{
    "num_leaves": 69,
    "max_depth": 16,
    "learning_rate": 0.007313717270192601,
    "n_estimators": 1166,
    "min_child_samples": 87,
    "subsample": 0.7158891484011122,
    "colsample_bytree": 0.4748943863859052,
    "reg_alpha": 0.7635228973242596,
    "reg_lambda": 9.689445613906488
}