{
    "n_estimators": 1100,
    "max_features": 0.33926676411997375,
    "max_samples": 0.7055360393464806
}