{
    "n_estimators": 1000,
    "max_features": 0.34680559213273093,
    "max_samples": 0.662397808134481
}