{
    "num_leaves": 18,
    "max_depth": 10,
    "learning_rate": 0.00532553747473663,
    "n_estimators": 946,
    "min_child_samples": 50,
    "subsample": 0.8979870532286187,
    "colsample_bytree": 0.3007929185637068,
    "reg_alpha": 2.056487763599868,
    "reg_lambda": 2.4057971821983304
}