{
    "n_estimators": 1100,
    "max_features": 0.5389833797301801,
    "max_samples": 0.6038876342009676
}