{
    "num_leaves": 29,
    "max_depth": 5,
    "learning_rate": 0.007448884126450099,
    "n_estimators": 2501,
    "min_child_samples": 58,
    "subsample": 0.6046226243410543,
    "colsample_bytree": 0.5743756396957929,
    "reg_alpha": 4.155552299515248,
    "reg_lambda": 5.797004315287256
}